Image,Method,MSE,PSNR,SSIM,UIQM,UICM,UISM,UIConM
test_p0_.jpg,SSR,9368.755818684896,8.413984409467277,0.4912956710840714,245.19911911818187,3.223314293281692,23.214131247884335,66.63862856196992
test_p0_.jpg,MSR,9754.2932027181,8.238845550287316,0.485801859544349,241.2589101822355,3.5319641821787235,21.198268238784184,65.70062936855231
test_p0_.jpg,MSRCR,6371.231903076172,10.088569478446708,0.5576870929928899,255.87745671355887,2.7398611043940835,20.684561320750706,69.83806720342272
test_p11_.jpg,SSR,7152.634048461914,9.586143551439422,0.7573674309476722,177.86669819337996,2.9544186800470404,22.982375853867413,47.82722792407787
test_p11_.jpg,MSR,7202.850809733073,9.555759413960502,0.7504426583070779,173.76964001823697,3.0276452574880897,22.66910232627169,46.706590916853905
test_p11_.jpg,MSRCR,5303.885096232097,10.884862539577862,0.7772943222861519,187.97558367945655,3.6526744707870424,21.61080692069918,50.76242748180513
test_p12_.jpg,SSR,7390.2699635823565,9.444200575809772,0.886018726011818,199.4381486912785,1.7565548424520574,21.753692663878827,53.971624311548105
test_p12_.jpg,MSR,7378.830871582031,9.450928047688507,0.8645254716943789,195.83123052015378,1.771705836922193,21.389989105182373,52.992701209071186
test_p12_.jpg,MSRCR,5299.4294026692705,10.888512498732595,0.8488708196362716,208.9001385986776,1.7710437890429203,20.436202071361407,56.72681584542655
test_p2_.jpg,SSR,7927.687240600586,9.139338526349697,0.3072811070422185,308.1000290558232,4.252148353693837,29.31059138955379,83.72016357645899
test_p2_.jpg,MSR,9926.157318115234,8.162992068867256,0.2972109174554121,269.3213214631341,3.7597632156617355,21.664625117813287,73.5092809954863
test_p2_.jpg,MSRCR,9269.158660888672,8.46040044794146,0.3043210652529173,273.4102292386709,1.4302860587930246,22.529093613632224,74.59990877065069
test_p3_.jpg,SSR,6161.2300364176435,10.234129369013484,0.883864236120779,198.35098688588087,2.380085775801163,23.184638588454717,53.5444423382185
test_p3_.jpg,MSR,6299.200088500977,10.137949573201103,0.8627935844158616,190.25472005505185,2.282575645460731,22.416391874834996,51.34416437815318
test_p3_.jpg,MSRCR,5154.146321614583,11.009236172452301,0.8457959153875176,197.8387298101057,2.358130779443651,21.918127366490364,53.50594565793102
test_p5_.jpg,SSR,6871.711430867513,9.760154473283775,0.7575258082593371,194.94784291375692,3.6136415339439454,21.033609457891867,52.760527326261915
test_p5_.jpg,MSR,6970.195317586263,9.698354128758634,0.7522924068331241,196.63167553352667,3.6174084368065476,20.928328238990282,53.24015587129329
test_p5_.jpg,MSRCR,4521.965169270833,11.577531480270205,0.7778991697689992,210.47622363732344,4.644656818706616,20.550664476016017,57.13552236043643
test_p6_.jpg,SSR,4451.852717081706,11.645395729538384,0.7667581742252155,197.26498851785536,9.479709059300038,27.085457449957232,52.86250807971659
test_p6_.jpg,MSR,5410.714014689128,10.798257811258159,0.7283135168305959,184.1553585974941,9.029354919296868,25.387074865472613,49.33961557939078
test_p6_.jpg,MSRCR,4819.494598388672,11.300788630106453,0.6364876052691221,182.98615442426896,5.174183978219495,25.60391894609892,49.025090250132905
test_p7_.jpg,SSR,9929.676233927408,8.161452727059718,0.6558491460424344,209.14648968659836,3.168323455941091,22.1528409612285,56.642913609848144
test_p7_.jpg,MSR,9306.034439086914,8.443157054626527,0.6507264013258622,216.4454260040627,3.148048746642109,21.71953694933002,58.7203512343776
test_p7_.jpg,MSRCR,5656.504806518555,10.605322003721177,0.679378445127289,228.5032140079614,3.054300478092354,20.915228323928982,62.16004693603976
test_p8_.jpg,SSR,2924.2025044759116,13.470729161350366,0.8960328633433301,163.78095102145917,4.5450934455177725,21.785435992683894,43.97380363540291
test_p8_.jpg,MSR,3211.294621785482,13.064002089152458,0.8874417022079072,160.8656405290999,4.0271805600159265,21.900399698734702,43.15299024033538
test_p8_.jpg,MSRCR,2655.314936319987,13.889643224581718,0.8962130130849196,164.4383190479325,4.069027234899289,21.44539747955273,44.18950762291177
test_p9_.jpg,SSR,10233.715072631836,8.030470397020425,0.559579603141044,193.9922366849567,3.339761648120515,22.99255475289511,52.333609483945345
test_p9_.jpg,MSR,10185.970184326172,8.050779602629333,0.5527404409169878,193.3673092259841,3.149872171009533,22.33835062504709,52.21435065342355
test_p9_.jpg,MSRCR,6113.7649332682295,10.26771624244776,0.599667623344309,220.91404452585996,3.11790012368654,21.218268241275297,60.01184939186177
